,precision,recall,f1-score,support
0,0.7482517482517482,0.8699186991869918,0.8045112781954887,123.0
1,0.8796992481203008,0.7647058823529411,0.8181818181818182,153.0
accuracy,0.8115942028985508,0.8115942028985508,0.8115942028985508,0.8115942028985508
macro avg,0.8139754981860245,0.8173122907699665,0.8113465481886535,276.0
weighted avg,0.8211193840484458,0.8115942028985508,0.8120895123183453,276.0
