Cluster_ID,Patient_Count,Is_Outlier,Avg_Age,Avg_Cholesterol,Avg_MaxHR,HeartDisease_Rate
0,407,False,51.79639175257732,212.85749385749386,147.14742014742015,0.257985257985258
1,511,False,54.85537190082645,187.6027397260274,128.57534246575344,0.7886497064579256
